Workbook

Sheet Overview
A1: HW_Review_Check_list | I1: Next Page
A2: Sl. No. | B2: Review Section | C2: Details | D2: Reviewer | E2: Timeline | F2: Status | G2: Remarks | I2: Overall Review Status
A3: 1 | B3: Schematic Symbol Review | C3: All Symbols used in the Lattice_PTP to be review including Title Block,Paper size,Block Diagrams,Page Number,Revision History and Version Number | E3: =Symbol!F9 | F3: =Symbol!G9 -> Completed | I3: =COUNTIF(F:F,"Completed") -> 17 | J3: Completed
A4: 2 | B4: Do Not Populate (DNP) parts check | C4: Verify all DNP parts in the schematic: Check any 'to be populated' part marked as DNP, Check any 'do not populate' part not marked as DNP | E4: ='DNP Parts'!F9 | F4: ='DNP Parts'!G9 -> Pending | I4: =COUNTIF(F:F,"Pending") -> 1 | J4: Pending
A5: 3 | B5: Mounting Hole Check | C5: Check sufficient number of mounting holes are provided as per requirement Verify all Mounting hole nets are connected to GND | E5: ='Mounting Holes'!F9 | F5: ='Mounting Holes'!G9 -> Completed | I5: =(I3/(I3+I4))*100 -> 94.444444 | J5: Review Status in %
A6: 4 | B6: Power Supply Section | C6: Verify all Power supply modules as per current requirement, DC - DC converters, LDOs, Inductor values and its current rating, Input and output capacitors, Switching Frequency, Power Sequencing etc | F6: ='Power Supply'!G9 -> Completed
A7: 5 | B7: Power Simulation | C7: All possible power modules to be simulated as per requirement | F7: ='Power Simulation'!G9 -> Completed | I7: Annexures | J7: Content
A8: 6 | B8: Test Points | C8: Verify all connected Test points, any aditional test points are required | F8: ='Test Points'!G9 -> Completed | I8: Annexure-I | J8: List of Test Points
A9: 7 | B9: DRC Report | C9: Verify DRC for floating nets, possible shorts, Globals all power nets etc | F9: =DRC!G9 -> Completed | I9: Annexure-II | J9: DRC Report
A10: 8 | B10: Impedance Report | C10: Impedance and length matching list for critical nets | F10: =Impedance!G9 -> Completed | I10: Annexure-III | J10: Impedance and Length Matching Details
A11: 9 | B11: Level Translators, Reset, LED Circuits | C11: Verify all level translators, its voltage convertions, Directions, enable, net names etc, Reset generation, connection etc, LED current limiting Resistor value threshold voltage etc | F11: ='Level Translators, Reset, LED'!G9 -> Completed | I11: Annexure-IV | J11: I2C Address details
A12: 10 | B12: Display, Trigger Circuits | C12: Verify all Power and Ground connections, all net connetions | F12: ='Display, Trigger'!G9 -> Completed
A13: 11 | B13: USB,SPIand I2C interfaces | C13: Verify all USB connections, USB flash memory, I2C interface according to architecture, EEPROM terminations, all connections to FPGA, Booting method etc | F13: ='USB,SPI and I2C'!G9 -> Completed
A14: 12 | B14: SFP interface | C14: Verify power supply and ground, Tx and Rx pairs connection, polarity etc | F14: =SFP!G9 -> Completed
A15: 13 | B15: FPGA Section | C15: Verify FPGA Section as per "xtp546-versal-schematic-review-checklist.xlsm" | F15: =FPGA!G9 -> Completed
A16: 14 | B16: PCIe Connector | C16: Verify both Addin and RootPort connectors Check Symbol, all connections, Power , Ground, Tx and Rx Pairs and its polarity, clock etc | F16: ='PCIe Connector'!G9 -> Completed
A17: 15 | B17: General Points | C17: Verify all general points mentioned as mentioned in the sheet | F17: =' General Points'!G9 -> Completed
B18: Addon_Sheet1 | F18: =Addon_Sheet1!G10 -> Completed
A19: 17 | B19: Addon_Sheet2 | F19: =Addon_Sheet2!G9 -> Completed
A20: 18 | B20: Addon_Sheet3 | F20: =Addon_Sheet3!G9 -> Completed
A21: 16 | F21: =Symbol!G27

Sheet Symbol
A1: Symbol_Check_list
A2: S.No | B2: Recommendation | C2: Actual Implimentation | D2: Status | E2: Remarks | G2: Symbol Review Status
A3: 1 | B3: Check all symbol pinouts against the datasheet, even if you have used the IC before or trust the symbol source. | D3: NA | G3: =COUNTIF(D:D,"Done") -> 12 | H3: Done
A4: 2 | B4: Thermal Pads connection as per the data sheet | D4: Done | G4: =COUNTIF(D:D,"In Progress") -> 0 | H4: In Progress
A5: 3 | B5: Verify all polarized component symbols for polarity indication | D5: Done | G5: =COUNTIF(D:D,"Issue Triggered") -> 0 | H5: Pending
A6: 4 | B6: Foot Prints review as per the data sheet | D6: Done | G6: =COUNTIF(D:D,"NA") -> 2 | H6: Issue Triggered
A7: 5 | B7: Verify Footprints are assigned to all symbols | D7: Done | G7: =COUNTIF(D:D,"NA") -> 2 | H7: NA
A8: 6 | B8: Verify Voltage/Current/Power ratings, Tolarance are mentioned | D8: Done | G8: =COUNTIF(B3:B1005,"<>") -> 14 | H8: Toal Items
A9: 7 | B9: Check that each symbol has a manufacturer and part number assigned. | D9: Done | G9: =IF((G8)=(G3+G7),"Completed","Pending") -> Completed | H9: Overall Status
A10: 8 | B10: Are all components active production, and not end of life / discontinued / not recommended for new designs at the time of the review? | D10: NA
A11: 9 | B11: Does each component have sufficient stock in the supply chain? | D11: Done | G11: Previous Page
A12: 10 | B12: Check for the correct polarity of each diode / LED / Polarized Capacitors | D12: Done | G12: Home
A13: 11 | B13: Verify all the Pages in the schematic are same size | D13: Done | G13: Next
A14: 12 | B14: Check the Index page added or not | D14: Done
A15: 13 | B15: Verify the revision History added or not | D15: Done
A16: 14 | B16: Verify all the page numbers and version on each sheet | D16: Done

Sheet DNP Parts
A1: DNP_Check_list
A2: S.No | B2: Recommendation | C2: Actual Implimentation | D2: Status | E2: Remarks | G2: Symbol Review Status
A3: 1 | B3: Verify all 'not to be plalced' components are marked as DNP | D3: Done | G3: =COUNTIF(D:D,"Done") -> 1 | H3: Done
A4: 2 | B4: Verify any 'to be placed' component marked as DNP | D4: In Progress | G4: =COUNTIF(D:D,"In Progress") -> 1 | H4: In Progress
G5: =COUNTIF(D:D,"Issue Triggered") -> 0 | H5: Pending
G6: =COUNTIF(D:D,"NA") -> 0 | H6: Issue Triggered
G7: =COUNTIF(D:D,"NA") -> 0 | H7: NA
G8: =COUNTIF(B3:B1000,"<>") -> 2 | H8: Toal Items
G9: =IF((G8)=(G3+G7),"Completed","Pending") -> Pending | H9: Overall Status
G11: Previous Page
G12: Home
G13: Next

Sheet Mounting Holes
A1: Mounting_Holes_Check_list
A2: S.No | B2: Recommendation | C2: Actual Implimentation | D2: Status | E2: Remarks | G2: Symbol Review Status
A3: 1 | B3: Verify Sufficient Mounting holes are provided as per mechanical requirements | D3: Done | G3: =COUNTIF(D:D,"Done") -> 2 | H3: Done
A4: 2 | B4: Verify each mounting hole nets connection to GND | D4: Done | G4: =COUNTIF(D:D,"In Progress") -> 0 | H4: In Progress
G5: =COUNTIF(D:D,"Issue Triggered") -> 0 | H5: Pending
G6: =COUNTIF(D:D,"NA") -> 0 | H6: Issue Triggered
G7: =COUNTIF(D:D,"NA") -> 0 | H7: NA
G8: =COUNTIF(B3:B1005,"<>") -> 2 | H8: Toal Items
G9: =IF((G8)=(G3+G7),"Completed","Pending") -> Completed | H9: Overall Status
G11: Previous Page
G12: Home
G13: Next

Sheet Power Supply
A1: Symbol_Check_list
A2: S.No | B2: Recommendation | C2: Actual Implimentation | D2: Status | E2: Remarks | G2: Symbol Review Status
A3: 1 | B3: Check Tantalum Capacitors voltage rating is at least 20% higher than the maximum expected voltage. | D3: Done | G3: =COUNTIF(D:D,"Done") -> 28 | H3: Done
A4: 2 | B4: Check there is a LED for each power rail. At least for the input. | D4: Done | G4: =COUNTIF(D:D,"In Progress") -> 0 | H4: In Progress
A5: 3 | B5: Check test points are provided for each power rail | D5: Done | G5: =COUNTIF(D:D,"Issue Triggered") -> 0 | H5: Pending
A6: 4 | B6: Check for the correct polarity of each diode or LED. | D6: Done | G6: =COUNTIF(D:D,"NA") -> 0 | H6: Issue Triggered
A7: 5 | B7: Verify each resistor’s voltage rating sufficient for the maximum voltage applied | D7: Done | G7: =COUNTIF(D:D,"NA") -> 0 | H7: NA
A8: 6 | B8: Do multiple voltage rails need sequencing? Is it implemented? | D8: Done | G8: =COUNTIF(B3:B1005,"<>") -> 28 | H8: Toal Items
A9: 7 | B9: Verify Soft Start of all the power rail has sufficient time margine | D9: Done | G9: =IF((G8)=(G3+G7),"Completed","Pending") -> Completed | H9: Overall Status
A10: 8 | B10: Verify any subsystems requires isolated supplies? | D10: Done
A11: 9 | B11: Should any subsystems have separately regulated supplies? | D11: Done | G11: Previous Page
A12: 10 | B12: Does each voltage regulator’s output meet the precision requirements for the section connected to it? | D12: Done | G12: Home
A13: 11 | B13: Is the total capacitance connected to each regulator within its ability to supply? | D13: Done | G13: Next
A14: 12 | B14: Is there sufficient input capacitance on each regulator to prevent reverse supply under changing loads? | D14: Done
A15: 13 | B15: Are any input voltages to regulators able to drop below the regulator’s minimum operating voltage? | D15: Done
A16: 14 | B16: Are any input voltages to regulators able to exceed the regulators maximum voltage? | D16: Done
B17: Verify there are linear regulator between any devices that need extremely clean power and a switched mode regulator source | D17: Done
B18: Does the input power require a fuse to protect upstream devices? If yes, is it provided ? | D18: Done
B19: Is the input power of Board protected against reverse polarity? | D19: Done
B20: Is there over voltage protection on the power input? | D20: Done
B21: Is there over current protection on the power input? | D21: Done
B22: Is there input undervoltage protection? | D22: Done
B23: Is there short circuit protection on each voltage rail that has an external connection/output? | D23: Done
B24: Does every switching regulator have a sufficient input filter to prevent conducted EMI escaping on it’s input? | D24: Done
B25: Are MOSFETs protected against voltage transients with external diodes? | D25: Done
B26: Verify the Resistor Divider for each Power modules | D26: Done
B27: Verify all Power Sequencing are correct as per FPGA requirement | D27: Done
B28: Check the inductor current rating according to the Power diagram | D28: Done
... B30: Verify the Resistor Divider for each Power rail at input of sequencer | D30: Done

Sheet Power Simulation
A1: Symbol_Check_list
A2: S.No | B2: Recommendation | C2: Actual Implimentation | D2: Status | E2: Remarks | G2: Symbol Review Status
A3: 1 | B3: Verify each switched mode voltage regulator has been simulated to ensure it is stable across all load conditions | D3: Done | G3: =COUNTIF(D:D,"Done") -> 8 | H3: Done
A4: 2 | B4: Verify each switched mode voltage regulator has been simulated to ensure it can supply the required current | D4: Done | G4: =COUNTIF(D:D,"In Progress") -> 0 | H4: In Progress
A5: 3 | B5: Verify each switched mode voltage regulator has been simulated to ensure it can provide the required voltage under all load conditions | D5: Done | G5: =COUNTIF(D:D,"Issue Triggered") -> 0 | H5: Pending
A6: 4 | B6: Verify the power distribution network has been analysed for total load. | D6: Done | G6: =COUNTIF(D:D,"NA") -> 0 | H6: Issue Triggered
A7: 5 | B7: Verify each switching regulator's Phase margine and Gain margines are meeting (Phase Margin=<45 and Gain Margin=< 10db) | D7: Done | G7: =COUNTIF(D:D,"NA") -> 0 | H7: NA
A8: 6 | B8: Verify all power module's Output ripple voltage is well within the application requirement | D8: Done | G8: =COUNTIF(B3:B1005,"<>") -> 8 | H8: Toal Items
A9: 7 | B9: Verify all power module's Efficiency (and Heat dessipation) to estimate the power loss on board | D9: Done | G9: =IF((G8)=(G3+G7),"Completed","Pending") -> Completed | H9: Overall Status
A10: 8 | B10: Verify each power module's output voltage reaches 90% of desired voltage within the Ramp up time of the loads connected to it. | D10: Done
A11: 9 | G11: Previous Page
A12: 10 | G12: Home
A13: 11 | G13: Next
A14: 12
A15: 13
A16: 14

Sheet Test Points
A1: Symbol_Check_list
A2: S.No | B2: Recommendation | C2: Actual Implimentation | D2: Status | E2: Remarks | G2: Symbol Review Status
A3: 1 | B3: Verify Test points are provided to all Power rails | D3: Done | G3: =COUNTIF(D:D,"Done") -> 5 | H3: Done
A4: 2 | B4: Verify test points are provided for critical signals/signals of interest | D4: Done | G4: =COUNTIF(D:D,"In Progress") -> 0 | H4: In Progress
A5: 3 | B5: Verify Test point names are appropriate | D5: Done | G5: =COUNTIF(D:D,"Issue Triggered") -> 0 | H5: Pending
A6: 4 | B6: Verify few test points are provided to GND for probing/measurement reference | D6: Done | G6: =COUNTIF(D:D,"NA") -> 0 | H6: Issue Triggered
B7: Verify all the Test points list at Annexure-I | D7: Done | G7: =COUNTIF(D:D,"NA") -> 0 | H7: NA
G8: =COUNTIF(B3:B1005,"<>") -> 5 | H8: Toal Items
G9: =IF((G8)=(G3+G7),"Completed","Pending") -> Completed | H9: Overall Status
G11: Previous Page
G12: Home
G13: Next

Sheet DRC
A1: Symbol_Check_list
A2: S.No | B2: Recommendation | C2: Actual Implimentation | D2: Status | E2: Remarks | G2: Symbol Review Status
A3: 1 | B3: 1. Check for on- and off-page connections, using the tool's DRC. | D3: Done | G3: =COUNTIF(D:D,"Done") -> 6 | H3: Done
A4: 2 | B4: 2. Check for same net on different pages without on/off page, using DRC. | D4: Done | G4: =COUNTIF(D:D,"In Progress") -> 0 | H4: In Progress
A5: 3 | B5: Check unconnected signal nets | D5: Done | G5: =COUNTIF(D:D,"Issue Triggered") -> 0 | H5: Pending
A6: 4 | B6: Check all Globals | D6: Done | G6: =COUNTIF(D:D,"NA") -> 0 | H6: Issue Triggered
A7: 5 | B7: Verify critical warning in DRC | D7: Done | G7: =COUNTIF(D:D,"NA") -> 0 | H7: NA
A8: 6 | B8: Refer the DRC report at Annexure-II | D8: Done | G8: =COUNTIF(B3:B1005,"<>") -> 6 | H8: Toal Items
G9: =IF((G8)=(G3+G7),"Completed","Pending") -> Completed | H9: Overall Status
G11: Previous
G12: Home
G13: Next

Sheet Impedance
A1: Symbol_Check_list
A2: S.No | B2: Recommendation | C2: Actual Implimentation | D2: Status | E2: Remarks | G2: Symbol Review Status
A3: 1 | B3: Refer Annexure-III for signals considered for Impedance matching | D3: Done | G3: =COUNTIF(D:D,"Done") -> 1 | H3: Done
A4: 2 | G4: =COUNTIF(D:D,"In Progress") -> 0 | H4: In Progress
A5: 3 | G5: =COUNTIF(D:D,"Issue Triggered") -> 0 | H5: Pending
A6: 4 | G6: =COUNTIF(D:D,"NA") -> 0 | H6: Issue Triggered
A7: 5 | G7: =COUNTIF(D:D,"NA") -> 0 | H7: NA
A8: 6 | G8: =COUNTIF(B3:B1005,"<>") -> 1 | H8: Toal Items
A9: 7 | G9: =IF((G8)=(G3+G7),"Completed","Pending") -> Completed | H9: Overall Status
A10: 8
A11: 9 | G11: Previous
A12: 10 | G12: Home
A13: 11 | G13: Next
A14: 12
A15: 13
A16: 14

Sheet USB,SPI and I2C
A1: Symbol_Check_list
A2: S.No | B2: Recommendation | C2: Actual Implimentation | D2: Status | E2: Remarks | G2: Symbol Review Status
A3: 1 | G3: =COUNTIF(D:D,"Done") -> 0 | H3: Done
A4: 2 | G4: =COUNTIF(D:D,"In Progress") -> 0 | H4: In Progress
A5: 3 | G5: =COUNTIF(D:D,"Issue Triggered") -> 0 | H5: Pending
A6: 4 | G6: =COUNTIF(D:D,"NA") -> 0 | H6: Issue Triggered
A7: 5 | G7: =COUNTIF(D:D,"NA") -> 0 | H7: NA
A8: 6 | G8: =COUNTIF(B3:B1005,"<>") -> 0 | H8: Toal Items
A9: 7 | G9: =IF((G8)=(G3+G7),"Completed","Pending") -> Completed | H9: Overall Status
A10: 8
A11: 9 | G11: Previous
A12: 10 | G12: Home
A13: 11 | G13: Next
A14: 12
A15: 13
A16: 14

Sheet SFP
A1: Symbol_Check_list
A2: S.No | B2: Recommendation | C2: Actual Implimentation | D2: Status | E2: Remarks | G2: Symbol Review Status
A3: 1 | G3: =COUNTIF(D:D,"Done") -> 0 | H3: Done
A4: 2 | G4: =COUNTIF(D:D,"In Progress") -> 0 | H4: In Progress
A5: 3 | G5: =COUNTIF(D:D,"Issue Triggered") -> 0 | H5: Pending
A6: 4 | G6: =COUNTIF(D:D,"NA") -> 0 | H6: Issue Triggered
A7: 5 | G7: =COUNTIF(D:D,"NA") -> 0 | H7: NA
A8: 6 | G8: =COUNTIF(B3:B1005,"<>") -> 0 | H8: Toal Items
A9: 7 | G9: =IF((G8)=(G3+G7),"Completed","Pending") -> Completed | H9: Overall Status
A10: 8
A11: 9 | G11: Previous
A12: 10 | G12: Home
A13: 11 | G13: Next
A14: 12
A15: 13
A16: 14

Sheet Level Translators, Reset, LED
A1: Symbol_Check_list
A2: S.No | B2: Recommendation | C2: Actual Implimentation | D2: Status | E2: Remarks | G2: Symbol Review Status
A3: 1 | G3: =COUNTIF(D:D,"Done") -> 0 | H3: Done
A4: 2 | G4: =COUNTIF(D:D,"In Progress") -> 0 | H4: In Progress
A5: 3 | G5: =COUNTIF(D:D,"Issue Triggered") -> 0 | H5: Pending
A6: 4 | G6: =COUNTIF(D:D,"NA") -> 0 | H6: Issue Triggered
A7: 5 | G7: =COUNTIF(D:D,"NA") -> 0 | H7: NA
A8: 6 | G8: =COUNTIF(B3:B1005,"<>") -> 0 | H8: Toal Items
A9: 7 | G9: =IF((G8)=(G3+G7),"Completed","Pending") -> Completed | H9: Overall Status
A10: 8
A11: 9 | G11: Previous
A12: 10 | G12: Home
A13: 11 | G13: Next
A14: 12
A15: 13
A16: 14

Sheet Display, Trigger
A1: Symbol_Check_list
A2: S.No | B2: Recommendation | C2: Actual Implimentation | D2: Status | E2: Remarks | G2: Symbol Review Status
A3: 1 | G3: =COUNTIF(D:D,"Done") -> 0 | H3: Done
A4: 2 | G4: =COUNTIF(D:D,"In Progress") -> 0 | H4: In Progress
A5: 3 | G5: =COUNTIF(D:D,"Issue Triggered") -> 0 | H5: Pending
A6: 4 | G6: =COUNTIF(D:D,"NA") -> 0 | H6: Issue Triggered
A7: 5 | G7: =COUNTIF(D:D,"NA") -> 0 | H7: NA
A8: 6 | G8: =COUNTIF(B3:B1005,"<>") -> 0 | H8: Toal Items
A9: 7 | G9: =IF((G8)=(G3+G7),"Completed","Pending") -> Completed | H9: Overall Status
A10: 8
A11: 9 | G11: Previous
A12: 10 | G12: Home
A13: 11 | G13: Next
A14: 12
A15: 13
A16: 14

Sheet FPGA
A1: Symbol_Check_list
A2: S.No | B2: Recommendation | C2: Actual Implimentation | D2: Status | E2: Remarks | G2: Symbol Review Status
A3: 1 | G3: =COUNTIF(D:D,"Done") -> 0 | H3: Done
A4: 2 | G4: =COUNTIF(D:D,"In Progress") -> 0 | H4: In Progress
A5: 3 | G5: =COUNTIF(D:D,"Issue Triggered") -> 0 | H5: Pending
A6: 4 | G6: =COUNTIF(D:D,"NA") -> 0 | H6: Issue Triggered
A7: 5 | G7: =COUNTIF(D:D,"NA") -> 0 | H7: NA
A8: 6 | G8: =COUNTIF(B3:B1005,"<>") -> 0 | H8: Toal Items
A9: 7 | G9: =IF((G8)=(G3+G7),"Completed","Pending") -> Completed | H9: Overall Status
A10: 8
A11: 9 | G11: Previous
A12: 10 | G12: Home
A13: 11 | G13: Next
A14: 12
A15: 13
A16: 14

Sheet  General Points
A1: Symbol_Check_list
A2: S.No | B2: Recommendation | C2: Actual Implimentation | D2: Status | E2: Remarks | G2: Symbol Review Status
A3: 1 | G3: =COUNTIF(D:D,"Done") -> 0 | H3: Done
A4: 2 | G4: =COUNTIF(D:D,"In Progress") -> 0 | H4: In Progress
A5: 3 | G5: =COUNTIF(D:D,"Issue Triggered") -> 0 | H5: Pending
A6: 4 | G6: =COUNTIF(D:D,"NA") -> 0 | H6: Issue Triggered
A7: 5 | G7: =COUNTIF(D:D,"NA") -> 0 | H7: NA
A8: 6 | G8: =COUNTIF(B3:B1005,"<>") -> 0 | H8: Toal Items
A9: 7 | G9: =IF((G8)=(G3+G7),"Completed","Pending") -> Completed | H9: Overall Status
A10: 8
A11: 9 | G11: Previous
A12: 10 | G12: Home
A13: 11 | G13: Next
A14: 12
A15: 13
A16: 14

Sheet PCIe Connector
A1: Symbol_Check_list
A2: S.No | B2: Recommendation | C2: Actual Implimentation | D2: Status | E2: Remarks | G2: Symbol Review Status
A3: 1 | B3: Check all used TX pairs are connected with series 0.22uF Capacitors | D3: Done | G3: =COUNTIF(D:D,"Done") -> 11 | H3: Done
A4: 2 | B4: Check Part number of 0.22uF should be 0201 package | D4: Done | G4: =COUNTIF(D:D,"In Progress") -> 0 | H4: In Progress
A5: 3 | B5: Check all TX pairs polarity connected properly | D5: Done | G5: =COUNTIF(D:D,"Issue Triggered") -> 0 | H5: Pending
A6: 4 | B6: Check all used RX pairs are conected with series 0.22uF Capacitors | D6: Done | G6: =COUNTIF(D:D,"NA") -> 0 | H6: Issue Triggered
A7: 5 | B7: Check all unused TX and RX pairs termination according to Gen6 spec | D7: Done | G7: =COUNTIF(D:D,"NA") -> 0 | H7: NA
A8: 6 | B8: Check all RX pairs polarity connected properly | D8: Done | G8: =COUNTIF(B3:B1005,"<>") -> 11 | H8: Toal Items
A9: 7 | B9: Check all PCIe power pins are connected | D9: Done | G9: =IF((G8)=(G3+G7),"Completed","Pending") -> Completed | H9: Overall Status
A10: 8 | B10: Check all ground pins are connected | D10: Done
A11: 9 | B11: Check all RSVD and PRSNT pins are terminated properly | D11: Done | G11: Previous Page
A12: 10 | B12: Verify TX and RX pins are not reversed. | D12: Done | G12: Home
A13: 11 | B13: Check 3.3V_AUX should not club with 3.3V on connectors | D13: Done | G13: Next
J14: Check the Index page added or not
J15: Verify the revision History added or not
J16: Verify all the page numbers and version on each sheet

Sheet Addon_Sheet1
A1: Symbol_Check_list
A2: S.No | B2: Recommendation | C2: Actual Implimentation | D2: Status | E2: Remarks
A3: 1 | G3: Symbol Review Status
A4: 2 | G4: =COUNTIF(D:D,"Done") -> 0 | H4: Done
A5: 3 | G5: =COUNTIF(D:D,"In Progress") -> 0 | H5: In Progress
A6: 4 | G6: =COUNTIF(D:D,"Issue Triggered") -> 0 | H6: Pending
A7: 5 | G7: =COUNTIF(D:D,"NA") -> 0 | H7: Issue Triggered
A8: 6 | G8: =COUNTIF(D:D,"NA") -> 0 | H8: NA
A9: 7 | G9: =COUNTIF(B3:B1005,"<>") -> 0 | H9: Toal Items
A10: 8 | G10: =IF((G9)=(G4+G8),"Completed","Pending") -> Completed | H10: Overall Status
A11: 9
A12: 10 | G12: Previous Page
A13: 11 | G13: Home
A14: 12 | G14: Next
A15: 13
A16: 14

Sheet Addon_Sheet2
A1: Symbol_Check_list
A2: S.No | B2: Recommendation | C2: Actual Implimentation | D2: Status | E2: Remarks | G2: Symbol Review Status
A3: 1 | G3: =COUNTIF(D:D,"Done") -> 0 | H3: Done
A4: 2 | G4: =COUNTIF(D:D,"In Progress") -> 0 | H4: In Progress
A5: 3 | G5: =COUNTIF(D:D,"Issue Triggered") -> 0 | H5: Pending
A6: 4 | G6: =COUNTIF(D:D,"NA") -> 0 | H6: Issue Triggered
A7: 5 | G7: =COUNTIF(D:D,"NA") -> 0 | H7: NA
A8: 6 | G8: =COUNTIF(B3:B1005,"<>") -> 0 | H8: Toal Items
A9: 7 | G9: =IF((G8)=(G3+G7),"Completed","Pending") -> Completed | H9: Overall Status
A10: 8
A11: 9 | G11: Previous
A12: 10 | G12: Home
A13: 11 | G13: Next
A14: 12
A15: 13
A16: 14

Sheet Addon_Sheet3
A1: Symbol_Check_list
A2: S.No | B2: Recommendation | C2: Actual Implimentation | D2: Status | E2: Remarks | G2: Symbol Review Status
A3: 1 | G3: =COUNTIF(D:D,"Done") -> 0 | H3: Done
A4: 2 | G4: =COUNTIF(D:D,"In Progress") -> 0 | H4: In Progress
A5: 3 | G5: =COUNTIF(D:D,"Issue Triggered") -> 0 | H5: Pending
A6: 4 | G6: =COUNTIF(D:D,"NA") -> 0 | H6: Issue Triggered
A7: 5 | G7: =COUNTIF(D:D,"NA") -> 0 | H7: NA
A8: 6 | G8: =COUNTIF(B3:B1005,"<>") -> 0 | H8: Toal Items
A9: 7 | G9: =IF((G8)=(G3+G7),"Completed","Pending") -> Completed | H9: Overall Status
A10: 8
A11: 9 | G11: Previous
A12: 10 | G12: Home
A13: 11 | G13: Next
A14: 12
A15: 13
A16: 14

Sheet Annexure-I
A1: Annexure-I List of Test Points
A2: Sl. No. | B2: Test Point Name | C2: Reference Node for the Test Point | D2: Test Point purpose | E2: Status | F2: Remarks | H2: Symbol Review Status
H3: =COUNTIF(E:E,"Done") -> 0 | I3: Done
H4: =COUNTIF(E:E,"In Progress") -> 0 | I4: In Progress
H5: =COUNTIF(E:E,"Issue Triggered") -> 0 | I5: Pending
H6: =COUNTIF(E:E,"NA") -> 0 | I6: Issue Triggered
H7: =COUNTIF(E:E,"NA") -> 0 | I7: NA
H8: =COUNTIF(C4:C1000,"<>") -> 0 | I8: Toal Items
H9: =IF((H8)=(H3+H7),"Completed","Pending") -> Completed | I9: Overall Status
H11: Previous
H12: Home
H13: Next
F16: `

Sheet Annexure-II
A1: Annexure-II DRC Report
A2: Sl. No. | B2: DRC Point | C2: DRC Type | D2: Action Point | E2: Status | F2: Remarks | H2: Symbol Review Status
H3: =COUNTIF(E:E,"Done") -> 0 | I3: Done
H4: =COUNTIF(E:E,"In Progress") -> 0 | I4: In Progress
H5: =COUNTIF(E:E,"Issue Triggered") -> 0 | I5: Pending
H6: =COUNTIF(E:E,"NA") -> 0 | I6: Issue Triggered
H7: =COUNTIF(E:E,"NA") -> 0 | I7: NA
H8: =COUNTIF(C4:C1334,"<>") -> 0 | I8: Toal Items
H9: =IF((H8)=(H3+H7),"Completed","Pending") -> Completed | I9: Overall Status
H11: Previous
H12: Home
H13: Next

Sheet Annexure-III
A1: Annexure-III Impedance and Length Matching Report (Impedance Requirement)
A2: Sl. No. | B2: Signal Name | C2: Interface | D2: Signal Type | E2: Impedance (Ohm) | F2: Status | G2: Remarks | I2: Symbol Review Status
I3: =COUNTIF(F:F,"Done") -> 0 | J3: Done
I4: =COUNTIF(F:F,"In Progress") -> 0 | J4: In Progress
I5: =COUNTIF(F:F,"Issue Triggered") -> 0 | J5: Pending
I6: =COUNTIF(F:F,"NA") -> 0 | J6: Issue Triggered
I7: =COUNTIF(F:F,"NA") -> 0 | J7: NA
I8: =COUNTIF(D4:D1000,"<>") -> 0 | J8: Toal Items
I9: =IF((I8)=(I3+I7),"Completed","Pending") -> Completed | J9: Overall Status
I12: Jump to Length Matching Report
I14: Previous
I15: Home
I16: Next

Sheet Annexure-IV
A1: Annexure-IV I2C Device Address list
A2: Sl. No. | B2: Ref Des | C2: Interface Type | D2: Part Number | E2: Address | F2: Status | G2: Remarks | I2: Symbol Review Status
A3: 1 | I3: =COUNTIF(F:F,"Done") -> 0 | J3: Done
A4: 2 | I4: =COUNTIF(F:F,"In Progress") -> 0 | J4: In Progress
A5: 3 | I5: =COUNTIF(F:F,"Issue Triggered") -> 0 | J5: Pending
A6: 4 | I6: =COUNTIF(F:F,"NA") -> 0 | J6: Issue Triggered
A7: 5 | I7: =COUNTIF(F:F,"NA") -> 0 | J7: NA
A8: 6 | I8: =COUNTIF(D4:D1000,"<>") -> 0 | J8: Toal Items
A9: 7 | I9: =IF((I8)=(I3+I7),"Completed","Pending") -> Completed | J9: Overall Status
A10: 8
A11: 9 | I11: Previous
A12: 10 | I12: Home
A13: 11 | I13: BACK
A14: 12
A15: 13
A16: 14
A17: 15
A18: 16
A19: 17
A20: 18
A21: 19
A22: 20
A23: 21
